Nation,Year,gas,oil,coal,flaring
Afghanistan,2020,1.0,1.0,1.0,1.0
Afghanistan,2021,0.9769589588398826,0.9965031140958113,0.9185344729234255,1.2278099308321306
Afghanistan,2022,0.9194524694679008,1.0420588891579525,0.9549824286556104,1.4081227289908913
Afghanistan,2023,0.9283392292231761,1.0781698691587107,1.0393001102979909,1.1885270875966483
Albania,2020,1.0,1.0,1.0,1.0
Albania,2021,1.0815735525904462,1.062244462295858,0.9481513818832078,1.0432919632657147
Albania,2022,1.0690876035222792,1.0360738029889207,0.9264158853662867,0.886235017627225
Albania,2023,1.1059428665125903,1.0852891209039202,0.8757533765680681,0.9039023477578535
Algeria,2020,1.0,1.0,1.0,1.0
Algeria,2021,1.1107928923336943,1.090504842594569,2.038167918840045,0.8718796991892348
Algeria,2022,1.1612157962025542,1.1314416013725128,1.427480877792344,0.9177355057522976
Algeria,2023,1.0679632912704518,1.086460186495962,1.2687533308015633,0.8897822006455938
Angola,2020,1.0,1.0,1.0,1.0
Angola,2021,1.1142531552241361,1.1098498907164005,1.23069978744425,0.9467487015688956
Angola,2022,1.0457543879658169,1.179680528055209,1.4638096627238422,1.0083208767232579
Angola,2023,0.9063645255315121,1.1942392240087105,1.9603847613764878,0.916733576730322
Antigua & Barbuda,2020,1.0,1.0,1.0,1.0
Antigua & Barbuda,2021,1.1769026495235755,1.016146865608325,0.9293013817649597,1.044081698816486
Antigua & Barbuda,2022,1.1331292738632213,1.010642277629888,0.9651790134470557,1.1216863640868884
Antigua & Barbuda,2023,1.3688584212900166,1.07565989432662,0.9815240109910284,1.279970687935487
Argentina,2020,1.0,1.0,1.0,1.0
Argentina,2021,1.0455899964362145,1.1018982919030789,1.4030899047640302,1.168282795994839
Argentina,2022,1.0437408681767228,1.1834296704034981,1.4868794561463436,1.079600572996406
Argentina,2023,1.0228802109809214,1.1723473284814696,1.2774170464264762,1.026326312806211
Armenia,2020,1.0,1.0,1.0,1.0
Armenia,2021,0.9907232079404055,1.0214997433277186,1.080975789689599,1.245417331838853
Armenia,2022,0.9377620369342043,1.0186621439792658,0.9862526180210561,1.2878904623972178
Armenia,2023,1.0197105756752365,1.045455897973428,1.0007831629191115,2.9586008995509294
Australia,2020,1.0,1.0,1.0,1.0
Australia,2021,0.9352126534176972,1.0024910899567392,0.9666418629211737,0.8325198429094535
Australia,2022,1.0214927779524077,1.0478761193400712,0.9165600162207723,0.7220889545207999
Australia,2023,0.9481101982102615,1.0550930796281162,0.8952068636618903,0.6797737424877071
Austria,2020,1.0,1.0,1.0,1.0
Austria,2021,1.0572508067756632,1.0147174563226855,1.038921857732852,1.0432919632657147
Austria,2022,0.9279459362010125,0.94908078180585,0.986439209445411,0.886235017627225
Austria,2023,0.8069752637984826,0.9616806040496442,0.9209528817294782,0.9039023477578535
Azerbaijan,2020,1.0,1.0,1.0,1.0
Azerbaijan,2021,1.0364405476585157,1.068247728284668,0.33734937316642316,1.0673424648821592
Azerbaijan,2022,1.101031095394013,1.1371220735577796,0.16867468658321158,1.4066372346825173
Azerbaijan,2023,1.2227582021020875,1.2320906585589586,0.16867468658321158,2.3631628086384096
Bahamas,2020,1.0,1.0,1.0,1.0
Bahamas,2021,1.1769026495235755,1.016146865608325,0.9293013817649597,1.044081698816486
Bahamas,2022,1.1331292738632213,1.010642277629888,0.9651790134470557,1.1216863640868884
Bahamas,2023,1.3688584212900166,1.07565989432662,0.9815240109910284,1.279970687935487
Bahrain,2020,1.0,1.0,1.0,1.0
Bahrain,2021,1.0166321577813981,1.041099812277388,1.3695874174343707,0.576518510646749
Bahrain,2022,0.9814552061682805,1.031176443217245,1.8429254370054975,0.41152647198878184
Bahrain,2023,1.0214299492561205,1.0585202438238435,3.2534982920085307,0.40448350203925104
Bangladesh,2020,1.0,1.0,1.0,1.0
Bangladesh,2021,1.0231853189496445,1.0767321372846934,0.8082815492041281,1.2498080201149229
Bangladesh,2022,0.9589477538603087,1.1327011076567008,1.0582613263310663,0.928128880956963
Bangladesh,2023,0.940183672525122,1.1119584748185538,1.4956133168429608,0.904479808405498
Barbados,2020,1.0,1.0,1.0,1.0
Barbados,2021,1.1769026495235755,1.016146865608325,0.9293013817649597,1.044081698816486
Barbados,2022,1.1331292738632213,1.010642277629888,0.9651790134470557,1.1216863640868884
Barbados,2023,1.3688584212900166,1.07565989432662,0.9815240109910284,1.279970687935487
Belarus,2020,1.0,1.0,1.0,1.0
Belarus,2021,1.0569365512416928,1.068090681746302,1.0167541518894279,1.245417331838853
Belarus,2022,1.0400783490731025,1.0271794698786139,1.1175991466709303,1.2878904623972178
Belarus,2023,0.9455257549259648,1.03322936818846,1.1565582238270924,2.9586008995509294
Belgium,2020,1.0,1.0,1.0,1.0
Belgium,2021,0.9977904958789982,1.1119460924603646,1.105968183470209,1.0432919632657147
Belgium,2022,0.8561766130553797,1.0458945537491948,1.1528849498900215,0.886235017627225
Belgium,2023,0.8063296682617161,0.9669453903624324,0.9807928606016013,0.9039023477578535
Belize,2020,1.0,1.0,1.0,1.0
Belize,2021,0.791899070780499,1.123604401036169,1.1225160684179967,1.044081698816486
Belize,2022,1.7839792501549585,1.160877079449983,0.7771699525273384,1.1216863640868884
Belize,2023,3.2748286735989303,1.1884451095324138,0.8943312686793049,1.279970687935487
Benin,2020,1.0,1.0,1.0,1.0
Benin,2021,1.3285440763400689,1.1783635103351455,1.3895861084895569,0.9467487015688956
Benin,2022,1.27253207260425,1.1886721806212635,1.2771130105721467,1.0083208767232579
Benin,2023,1.2332884491787492,1.1635451526635814,1.205709170103147,0.916733576730322
Bermuda,2020,1.0,1.0,1.0,1.0
Bermuda,2021,1.1769026495235755,1.016146865608325,0.9293013817649597,1.044081698816486
Bermuda,2022,1.1331292738632213,1.010642277629888,0.9651790134470557,1.1216863640868884
Bermuda,2023,1.3688584212900166,1.07565989432662,0.9815240109910284,1.279970687935487
Bhutan,2020,1.0,1.0,1.0,1.0
Bhutan,2021,0.9769589588398826,0.9965031140958113,0.9185344729234255,1.2278099308321306
Bhutan,2022,0.9194524694679008,1.0420588891579525,0.9549824286556104,1.4081227289908913
Bhutan,2023,0.9283392292231761,1.0781698691587107,1.0393001102979909,1.1885270875966483
Bolivia,2020,1.0,1.0,1.0,1.0
Bolivia,2021,1.1044811469885643,1.0369553780882421,1.3102313176996234,0.8107075039888568
Bolivia,2022,1.1846719729715742,1.0776179787503342,0.9755831291345701,0.9518969977993662
Bolivia,2023,1.3158735371278338,1.1528321977713663,1.0870185833111419,0.8822948064356853
Botswana,2020,,1.0,1.0,1.0
Botswana,2021,,1.0761579287177274,1.3060855515280374,0.9467487015688956
Botswana,2022,,1.1582729079990508,1.4838515827417382,1.0083208767232579
Botswana,2023,,1.2146498623256465,1.501797330649657,0.916733576730322
Brazil,2020,1.0,1.0,1.0,1.0
Brazil,2021,1.2871321027069629,1.051939403049756,1.2131740609762087,0.9506808374528242
Brazil,2022,1.0179457827637068,1.0995273436944442,0.9971125229019053,0.8821688030850843
Brazil,2023,0.954311117630502,1.1353260524193385,0.9752406704549283,1.1622934253227357
Brunei,2020,1.0,1.0,1.0,1.0
Brunei,2021,0.9769589588398826,0.9965031140958113,0.9185344729234255,1.2581970352571175
Brunei,2022,0.9194524694679008,1.0420588891579525,0.9549824286556104,0.5454689911873395
Brunei,2023,0.9283392292231761,1.0781698691587107,1.0393001102979909,0.7381797463921064
Bulgaria,2020,1.0,1.0,1.0,1.0
Bulgaria,2021,1.1305702875856676,1.1357483285062977,1.2611335138030568,1.0432919632657147
Bulgaria,2022,0.925633009611321,1.1745446503658399,1.5040044003194752,0.886235017627225
Bulgaria,2023,0.8648759632508481,1.0199283639609427,0.921997333368039,0.9039023477578535
Burkina Faso,2020,1.0,1.0,1.0,1.0
Burkina Faso,2021,1.3285440763400689,1.1783635103351455,1.3895861084895569,0.9467487015688956
Burkina Faso,2022,1.27253207260425,1.1886721806212635,1.2771130105721467,1.0083208767232579
Burkina Faso,2023,1.2332884491787492,1.1635451526635814,1.205709170103147,0.916733576730322
Burundi,2020,1.0,1.0,1.0,1.0
Burundi,2021,1.160510660861734,1.0691047114055505,1.1062781140825,0.9467487015688956
Burundi,2022,1.2410260703826401,1.0508857153852023,1.214347751791203,1.0083208767232579
Burundi,2023,1.2784123358345751,1.0785154403422905,1.3551488813101613,0.916733576730322
Cambodia,2020,1.0,1.0,1.0,1.0
Cambodia,2021,0.9769589588398826,0.9965031140958113,0.9185344729234255,1.2278099308321306
Cambodia,2022,0.9194524694679008,1.0420588891579525,0.9549824286556104,1.4081227289908913
Cambodia,2023,0.9283392292231761,1.0781698691587107,1.0393001102979909,1.1885270875966483
Canada,2020,1.0,1.0,1.0,1.0
Canada,2021,1.0289510409008675,1.011851645688232,0.8977901901027074,1.0071750170185778
Canada,2022,1.0739260602680816,1.039325790147942,0.731824406755165,0.909388487999879
Canada,2023,1.0471566241501318,1.0139215573865312,0.7044452742987514,1.0322810855546032
Cape Verde,2020,1.0,1.0,1.0,1.0
Cape Verde,2021,1.3285440763400689,1.1783635103351455,1.3895861084895569,0.9467487015688956
Cape Verde,2022,1.27253207260425,1.1886721806212635,1.2771130105721467,1.0083208767232579
Cape Verde,2023,1.2332884491787492,1.1635451526635814,1.205709170103147,0.916733576730322
Central African Republic,2020,1.0,1.0,1.0,1.0
Central African Republic,2021,1.1142531552241361,1.1098498907164005,1.23069978744425,0.9467487015688956
Central African Republic,2022,1.0457543879658169,1.179680528055209,1.4638096627238422,1.0083208767232579
Central African Republic,2023,0.9063645255315121,1.1942392240087105,1.9603847613764878,0.916733576730322
Chad,2020,1.0,1.0,1.0,1.0
Chad,2021,1.1142531552241361,1.1098498907164005,1.23069978744425,0.9467487015688956
Chad,2022,1.0457543879658169,1.179680528055209,1.4638096627238422,1.0083208767232579
Chad,2023,0.9063645255315121,1.1942392240087105,1.9603847613764878,0.916733576730322
Chile,2020,1.0,1.0,1.0,1.0
Chile,2021,1.0942186657362556,1.077697381344587,1.1088966890508225,1.044081698816486
Chile,2022,1.1652211306354066,1.1379226195158514,0.9056287924213029,1.1216863640868884
Chile,2023,1.124935576197725,1.1391932485518272,0.6669003772643615,1.279970687935487
China,2020,1.0,1.0,1.0,1.0
China,2021,1.1296745163799504,1.0567144408693916,1.0390095366083145,0.9326489114763996
China,2022,1.1218899122018662,1.0728448354332285,1.0425264269368661,0.8578915991893903
China,2023,1.2026659424393533,1.1430060410245308,1.0912707116278522,0.8347737519437766
Colombia,2020,1.0,1.0,1.0,1.0
Colombia,2021,0.9621991711532096,1.1212662065581358,0.6625734149903014,0.8604648457638173
Colombia,2022,0.9590295983456121,1.1901758466780452,0.5971487043131443,0.6548328817895682
Colombia,2023,0.9947999146840303,1.2222054778253257,0.9131033280299893,0.8512747295376151
Comoros,2020,1.0,1.0,1.0,1.0
Comoros,2021,1.160510660861734,1.0691047114055505,1.1062781140825,0.9467487015688956
Comoros,2022,1.2410260703826401,1.0508857153852023,1.214347751791203,1.0083208767232579
Comoros,2023,1.2784123358345751,1.0785154403422905,1.3551488813101613,0.916733576730322
Congo,2020,1.0,1.0,1.0,1.0
Congo,2021,1.1142531552241361,1.1098498907164005,1.23069978744425,0.9467487015688956
Congo,2022,1.0457543879658169,1.179680528055209,1.4638096627238422,1.0083208767232579
Congo,2023,0.9063645255315121,1.1942392240087105,1.9603847613764878,0.916733576730322
Cook Islands,2020,1.0,1.0,1.0,1.0
Cook Islands,2021,0.9769589588398826,0.9965031140958113,0.9185344729234255,1.2278099308321306
Cook Islands,2022,0.9194524694679008,1.0420588891579525,0.9549824286556104,1.4081227289908913
Cook Islands,2023,0.9283392292231761,1.0781698691587107,1.0393001102979909,1.1885270875966483
Costa Rica,2020,1.0,1.0,1.0,1.0
Costa Rica,2021,0.791899070780499,1.123604401036169,1.1225160684179967,1.044081698816486
Costa Rica,2022,1.7839792501549585,1.160877079449983,0.7771699525273384,1.1216863640868884
Costa Rica,2023,3.2748286735989303,1.1884451095324138,0.8943312686793049,1.279970687935487
Cote D Ivoire,2020,1.0,1.0,1.0,1.0
Cote D Ivoire,2021,1.3285440763400689,1.1783635103351455,1.3895861084895569,0.9467487015688956
Cote D Ivoire,2022,1.27253207260425,1.1886721806212635,1.2771130105721467,1.0083208767232579
Cote D Ivoire,2023,1.2332884491787492,1.1635451526635814,1.205709170103147,0.916733576730322
Cuba,2020,1.0,1.0,1.0,1.0
Cuba,2021,1.1769026495235755,1.016146865608325,0.9293013817649597,1.044081698816486
Cuba,2022,1.1331292738632213,1.010642277629888,0.9651790134470557,1.1216863640868884
Cuba,2023,1.3688584212900166,1.07565989432662,0.9815240109910284,1.279970687935487
Cyprus,2020,,1.0,1.0,1.0
Cyprus,2021,,1.055183675658885,2.9605524751894614,1.0432919632657147
Cyprus,2022,,1.1199771015701379,2.194679225810261,0.886235017627225
Cyprus,2023,,1.1348764074612254,1.9978846239387964,0.9039023477578535
Czech Republic,2020,1.0,1.0,1.0,1.0
Czech Republic,2021,1.071735193779582,1.0538637965166615,1.0361157910231527,1.0432919632657147
Czech Republic,2022,0.8716760480393324,1.029743530782178,1.0620485184591935,0.886235017627225
Czech Republic,2023,0.7914444503031488,0.9566282773414202,0.8992471764277697,0.9039023477578535
Democratic People S Republic Of Korea,2020,1.0,1.0,1.0,1.0
Democratic People S Republic Of Korea,2021,0.9769589588398826,0.9965031140958113,0.9185344729234255,1.2278099308321306
Democratic People S Republic Of Korea,2022,0.9194524694679008,1.0420588891579525,0.9549824286556104,1.4081227289908913
Democratic People S Republic Of Korea,2023,0.9283392292231761,1.0781698691587107,1.0393001102979909,1.1885270875966483
Democratic Republic Of The Congo,2020,1.0,1.0,1.0,1.0
Democratic Republic Of The Congo,2021,1.1142531552241361,1.1098498907164005,1.23069978744425,0.9467487015688956
Democratic Republic Of The Congo,2022,1.0457543879658169,1.179680528055209,1.4638096627238422,1.0083208767232579
Democratic Republic Of The Congo,2023,0.9063645255315121,1.1942392240087105,1.9603847613764878,0.916733576730322
Denmark,2020,1.0,1.0,1.0,1.0
Denmark,2021,1.0201856648818386,1.0733761359011025,1.3318611819078094,0.930462707851232
Denmark,2022,0.7289296735003391,1.117815671038271,1.3082938285903558,0.8263808611746232
Denmark,2023,0.701911360969207,1.1078718004147676,0.8690942122819089,0.7178255973295518
Djibouti,2020,1.0,1.0,1.0,1.0
Djibouti,2021,1.160510660861734,1.0691047114055505,1.1062781140825,0.9467487015688956
Djibouti,2022,1.2410260703826401,1.0508857153852023,1.214347751791203,1.0083208767232579
Djibouti,2023,1.2784123358345751,1.0785154403422905,1.3551488813101613,0.916733576730322
Dominica,2020,1.0,1.0,1.0,1.0
Dominica,2021,1.1769026495235755,1.016146865608325,0.9293013817649597,1.044081698816486
Dominica,2022,1.1331292738632213,1.010642277629888,0.9651790134470557,1.1216863640868884
Dominica,2023,1.3688584212900166,1.07565989432662,0.9815240109910284,1.279970687935487
Dominican Republic,2020,1.0,1.0,1.0,1.0
Dominican Republic,2021,1.1769026495235755,1.016146865608325,0.9293013817649597,1.044081698816486
Dominican Republic,2022,1.1331292738632213,1.010642277629888,0.9651790134470557,1.1216863640868884
Dominican Republic,2023,1.3688584212900166,1.07565989432662,0.9815240109910284,1.279970687935487
Ecuador,2020,1.0,1.0,1.0,1.0
Ecuador,2021,1.0566575768315423,1.1626057412338247,1.9586143963227747,1.044081698816486
Ecuador,2022,0.9092863901015096,1.21801213848052,2.848974258316239,1.1216863640868884
Ecuador,2023,0.8370507709182766,1.2813452423466056,2.451809446665303,1.279970687935487
Egypt,2020,1.0,1.0,1.0,1.0
Egypt,2021,1.0654613558389505,1.0704444564482989,1.616092728963879,0.91560315271854
Egypt,2022,1.039153122565793,1.1186686757394253,1.4019349143625623,0.8598074118373086
Egypt,2023,1.029780893259832,1.1058519783933551,1.5943175368646805,0.8509006499376797
El Salvador,2020,1.0,1.0,1.0,1.0
El Salvador,2021,0.791899070780499,1.123604401036169,1.1225160684179967,1.044081698816486
El Salvador,2022,1.7839792501549585,1.160877079449983,0.7771699525273384,1.1216863640868884
El Salvador,2023,3.2748286735989303,1.1884451095324138,0.8943312686793049,1.279970687935487
Equatorial Guinea,2020,1.0,1.0,1.0,1.0
Equatorial Guinea,2021,1.1142531552241361,1.1098498907164005,1.23069978744425,0.9467487015688956
Equatorial Guinea,2022,1.0457543879658169,1.179680528055209,1.4638096627238422,1.0083208767232579
Equatorial Guinea,2023,0.9063645255315121,1.1942392240087105,1.9603847613764878,0.916733576730322
Estonia,2020,1.0,1.0,1.0,1.0
Estonia,2021,1.1308428283504945,1.0454238619885947,1.0911119384222638,1.0432919632657147
Estonia,2022,0.9386505429436575,1.079319725923317,1.176987357497392,0.886235017627225
Estonia,2023,0.8600962399154544,0.9451621001149695,0.9456007919055219,0.9039023477578535
Ethiopia,2020,1.0,1.0,1.0,1.0
Ethiopia,2021,1.160510660861734,1.0691047114055505,1.1062781140825,0.9467487015688956
Ethiopia,2022,1.2410260703826401,1.0508857153852023,1.214347751791203,1.0083208767232579
Ethiopia,2023,1.2784123358345751,1.0785154403422905,1.3551488813101613,0.916733576730322
Faeroe Islands,2020,1.0,1.0,1.0,1.0
Faeroe Islands,2021,1.0815735525904462,1.062244462295858,0.9481513818832078,1.0432919632657147
Faeroe Islands,2022,1.0690876035222792,1.0360738029889207,0.9264158853662867,0.886235017627225
Faeroe Islands,2023,1.1059428665125903,1.0852891209039202,0.8757533765680681,0.9039023477578535
Falkland Islands,2020,1.0,1.0,1.0,1.0
Falkland Islands,2021,1.1044811469885643,1.0369553780882421,1.3102313176996234,1.044081698816486
Falkland Islands,2022,1.1846719729715742,1.0776179787503342,0.9755831291345701,1.1216863640868884
Falkland Islands,2023,1.3158735371278338,1.1528321977713663,1.0870185833111419,1.279970687935487
Fiji,2020,1.0,1.0,1.0,1.0
Fiji,2021,0.9769589588398826,0.9965031140958113,0.9185344729234255,1.2278099308321306
Fiji,2022,0.9194524694679008,1.0420588891579525,0.9549824286556104,1.4081227289908913
Fiji,2023,0.9283392292231761,1.0781698691587107,1.0393001102979909,1.1885270875966483
Finland,2020,1.0,1.0,1.0,1.0
Finland,2021,0.9998391709452024,1.0213087128703195,1.081241578142295,1.0432919632657147
Finland,2022,0.5426560608728982,1.0215950524981137,1.058368038153209,0.886235017627225
Finland,2023,0.576510027491779,1.0579895681004952,0.7820476070910635,0.9039023477578535
France,2020,1.0,1.0,1.0,1.0
France,2021,1.0605811690926448,1.0624532262989634,1.3404649281675962,1.0432919632657147
France,2022,0.9455171008665666,0.9415826107230406,1.150698508711904,0.886235017627225
France,2023,0.8344454093542654,0.9858537827295971,0.8821090160840555,0.9039023477578535
French Guiana,2020,1.0,1.0,1.0,1.0
French Guiana,2021,1.1044811469885643,1.0369553780882421,1.3102313176996234,1.044081698816486
French Guiana,2022,1.1846719729715742,1.0776179787503342,0.9755831291345701,1.1216863640868884
French Guiana,2023,1.3158735371278338,1.1528321977713663,1.0870185833111419,1.279970687935487
French Polynesia,2020,1.0,1.0,1.0,1.0
French Polynesia,2021,0.9769589588398826,0.9965031140958113,0.9185344729234255,1.2278099308321306
French Polynesia,2022,0.9194524694679008,1.0420588891579525,0.9549824286556104,1.4081227289908913
French Polynesia,2023,0.9283392292231761,1.0781698691587107,1.0393001102979909,1.1885270875966483
Gabon,2020,1.0,1.0,1.0,1.0
Gabon,2021,1.1142531552241361,1.1098498907164005,1.23069978744425,0.9467487015688956
Gabon,2022,1.0457543879658169,1.179680528055209,1.4638096627238422,1.0083208767232579
Gabon,2023,0.9063645255315121,1.1942392240087105,1.9603847613764878,0.916733576730322
Gambia,2020,1.0,1.0,1.0,1.0
Gambia,2021,1.3285440763400689,1.1783635103351455,1.3895861084895569,0.9467487015688956
Gambia,2022,1.27253207260425,1.1886721806212635,1.2771130105721467,1.0083208767232579
Gambia,2023,1.2332884491787492,1.1635451526635814,1.205709170103147,0.916733576730322
Georgia,2020,1.0,1.0,1.0,1.0
Georgia,2021,0.9907232079404055,1.0214997433277186,1.080975789689599,1.245417331838853
Georgia,2022,0.9377620369342043,1.0186621439792658,0.9862526180210561,1.2878904623972178
Georgia,2023,1.0197105756752365,1.045455897973428,1.0007831629191115,2.9586008995509294
Germany,2020,1.0,1.0,1.0,1.0
Germany,2021,1.0531587513890588,1.0292399506310512,1.2079528184481412,1.2979559092814672
Germany,2022,0.8902186699219451,0.9910328217327512,1.2464594220002636,1.5145506962691289
Germany,2023,0.8686256879908083,0.9203421065577495,0.9851527322659172,1.9112094588521298
Ghana,2020,1.0,1.0,1.0,1.0
Ghana,2021,1.3285440763400689,1.1783635103351455,1.3895861084895569,0.9467487015688956
Ghana,2022,1.27253207260425,1.1886721806212635,1.2771130105721467,1.0083208767232579
Ghana,2023,1.2332884491787492,1.1635451526635814,1.205709170103147,0.916733576730322
Gibraltar,2020,,,,1.0
Gibraltar,2021,,,,1.0432919632657147
Gibraltar,2022,,,,0.886235017627225
Gibraltar,2023,,,,0.9039023477578535
Greece,2020,1.0,1.0,1.0,1.0
Greece,2021,1.1005335451059568,1.0923615413436398,0.9348726301906927,1.0432919632657147
Greece,2022,0.9769876083909311,1.1349720958145784,0.8658359679396035,0.886235017627225
Greece,2023,0.8485714582180545,1.101911049623899,0.6209559806129262,0.9039023477578535
Greenland,2020,1.0,1.0,1.0,1.0
Greenland,2021,1.0815735525904462,1.062244462295858,0.9481513818832078,1.0432919632657147
Greenland,2022,1.0690876035222792,1.0360738029889207,0.9264158853662867,0.886235017627225
Greenland,2023,1.1059428665125903,1.0852891209039202,0.8757533765680681,0.9039023477578535
Grenada,2020,1.0,1.0,1.0,1.0
Grenada,2021,1.1769026495235755,1.016146865608325,0.9293013817649597,1.044081698816486
Grenada,2022,1.1331292738632213,1.010642277629888,0.9651790134470557,1.1216863640868884
Grenada,2023,1.3688584212900166,1.07565989432662,0.9815240109910284,1.279970687935487
Guadeloupe,2020,1.0,1.0,1.0,1.0
Guadeloupe,2021,1.1769026495235755,1.016146865608325,0.9293013817649597,1.044081698816486
Guadeloupe,2022,1.1331292738632213,1.010642277629888,0.9651790134470557,1.1216863640868884
Guadeloupe,2023,1.3688584212900166,1.07565989432662,0.9815240109910284,1.279970687935487
Guatemala,2020,1.0,1.0,1.0,1.0
Guatemala,2021,0.791899070780499,1.123604401036169,1.1225160684179967,1.044081698816486
Guatemala,2022,1.7839792501549585,1.160877079449983,0.7771699525273384,1.1216863640868884
Guatemala,2023,3.2748286735989303,1.1884451095324138,0.8943312686793049,1.279970687935487
Guinea,2020,1.0,1.0,1.0,1.0
Guinea,2021,1.3285440763400689,1.1783635103351455,1.3895861084895569,0.9467487015688956
Guinea,2022,1.27253207260425,1.1886721806212635,1.2771130105721467,1.0083208767232579
Guinea,2023,1.2332884491787492,1.1635451526635814,1.205709170103147,0.916733576730322
Guinea Bissau,2020,1.0,1.0,1.0,1.0
Guinea Bissau,2021,1.3285440763400689,1.1783635103351455,1.3895861084895569,0.9467487015688956
Guinea Bissau,2022,1.27253207260425,1.1886721806212635,1.2771130105721467,1.0083208767232579
Guinea Bissau,2023,1.2332884491787492,1.1635451526635814,1.205709170103147,0.916733576730322
Guyana,2020,1.0,1.0,1.0,1.0
Guyana,2021,1.1044811469885643,1.0369553780882421,1.3102313176996234,1.044081698816486
Guyana,2022,1.1846719729715742,1.0776179787503342,0.9755831291345701,1.1216863640868884
Guyana,2023,1.3158735371278338,1.1528321977713663,1.0870185833111419,1.279970687935487
Haiti,2020,1.0,1.0,1.0,1.0
Haiti,2021,1.1769026495235755,1.016146865608325,0.9293013817649597,1.044081698816486
Haiti,2022,1.1331292738632213,1.010642277629888,0.9651790134470557,1.1216863640868884
Haiti,2023,1.3688584212900166,1.07565989432662,0.9815240109910284,1.279970687935487
Honduras,2020,1.0,1.0,1.0,1.0
Honduras,2021,0.791899070780499,1.123604401036169,1.1225160684179967,1.044081698816486
Honduras,2022,1.7839792501549585,1.160877079449983,0.7771699525273384,1.1216863640868884
Honduras,2023,3.2748286735989303,1.1884451095324138,0.8943312686793049,1.279970687935487
Hong Kong,2020,1.0,1.0,1.0,1.0
Hong Kong,2021,0.9759738211922399,0.9446771311667637,1.1107606781278823,1.2278099308321306
Hong Kong,2022,0.9167080021990922,0.8433045846311349,1.0924725154617276,1.4081227289908913
Hong Kong,2023,0.9802845207367913,0.9731521522008285,1.0673472284522423,1.1885270875966483
Hungary,2020,1.0,1.0,1.0,1.0
Hungary,2021,1.0605738888422342,1.0504242072516434,0.8133792065321621,1.0432919632657147
Hungary,2022,0.9016972559547874,0.9877542501701533,0.7385204430552949,0.886235017627225
Hungary,2023,0.8029879397675473,0.9356544941557755,0.5152647612485152,0.9039023477578535
Iceland,2020,,1.0,1.0,1.0
Iceland,2021,,1.044128849300864,1.4162086389888293,1.0432919632657147
Iceland,2022,,1.0973294472613118,1.401224710019346,0.886235017627225
Iceland,2023,,1.0818760360150397,1.0075358334089712,0.9039023477578535
India,2020,1.0,1.0,1.0,1.0
India,2021,1.033342941185571,1.0857126994337511,1.1353477973331896,0.9195296144250826
India,2022,0.9650552502706529,1.144398971751957,1.1798610912110776,0.9946927901077601
India,2023,1.0372793810187828,1.2276162138663862,1.2950852629810494,0.9941343766335512
Indonesia,2020,1.0,1.0,1.0,1.0
Indonesia,2021,1.008310359603356,1.0232467655243438,0.9971905836962999,0.8677153401336072
Indonesia,2022,1.0344626169132793,1.2900834358435926,1.5894207841601116,0.9146323089431998
Indonesia,2023,1.06727143633704,1.297621873508861,1.5677264624639466,1.034840691593901
Iraq,2020,1.0,1.0,,1.0
Iraq,2021,0.8882446129267187,1.036486825814559,,1.0319156793986395
Iraq,2022,0.9933190877666218,1.1604926415684496,,1.034694678465729
Iraq,2023,1.0117051660317307,1.2200845300910053,,1.0257291232161498
Ireland,2020,1.0,1.0,1.0,1.0
Ireland,2021,0.9604739556978732,1.0191352464908139,1.3640633551004622,1.0432919632657147
Ireland,2022,0.9796325594891226,1.0561703518485888,1.098292370806536,0.886235017627225
Ireland,2023,0.9086963333070542,1.026636154135073,0.7504511844362972,0.9039023477578535
Islamic Republic Of Iran,2020,1.0,1.0,1.0,1.0
Islamic Republic Of Iran,2021,0.9694387842555798,0.9805497634475028,0.972708164012106,1.0739271777183796
Islamic Republic Of Iran,2022,1.0111246020774098,1.0232938541901888,1.0039941369721803,0.8320404879576767
Islamic Republic Of Iran,2023,1.0371087849761258,1.0422560471394642,1.0220659761662063,0.5354873819124231
Israel,2020,1.0,1.0,1.0,1.0
Israel,2021,1.0413153158421613,1.0242306346436787,0.896242590156513,1.0739271777183796
Israel,2022,1.0775716793884942,1.0824645979612453,0.8802736598311851,0.8320404879576767
Israel,2023,1.1152866609842227,1.0853058011997778,0.7611802933428686,0.5354873819124231
Italy (Including San Marino),2020,1.0,1.0,1.0,1.0
Italy (Including San Marino),2021,1.0702181958243893,1.070615955391535,1.1000685574284774,1.060015578132248
Italy (Including San Marino),2022,0.9641236945401441,1.0401274577248383,1.457899354006558,0.8981041797097702
Italy (Including San Marino),2023,0.8665064743052555,0.9996805321548003,1.0162827734756101,0.8968307829039796
Jamaica,2020,1.0,1.0,1.0,1.0
Jamaica,2021,1.1769026495235755,1.016146865608325,0.9293013817649597,1.044081698816486
Jamaica,2022,1.1331292738632213,1.010642277629888,0.9651790134470557,1.1216863640868884
Jamaica,2023,1.3688584212900166,1.07565989432662,0.9815240109910284,1.279970687935487
Japan,2020,1.0,1.0,1.0,1.0
Japan,2021,0.9940323965429152,1.0439837608762694,1.0776828501160378,1.2278099308321306
Japan,2022,0.9624961369614826,1.0372275114655478,1.0745802391218129,1.4081227289908913
Japan,2023,0.8875732562169399,1.0018910347858598,0.9916259939304899,1.1885270875966483
Jordan,2020,1.0,1.0,1.0,1.0
Jordan,2021,1.0166321577813981,1.041099812277388,1.3695874174343707,1.0739271777183796
Jordan,2022,0.9814552061682805,1.031176443217245,1.8429254370054975,0.8320404879576767
Jordan,2023,1.0214299492561205,1.0585202438238435,3.2534982920085307,0.5354873819124231
Kazakhstan,2020,1.0,1.0,1.0,1.0
Kazakhstan,2021,1.2243135433852659,1.1172225805319496,1.028216692562845,1.0169522236813708
Kazakhstan,2022,1.20534320908375,1.1132514189135159,1.0328038825671677,0.6922596330545105
Kazakhstan,2023,1.2134620459217518,1.1252129474855284,1.015132174403319,0.683743934046587
Kenya,2020,1.0,1.0,1.0,1.0
Kenya,2021,1.160510660861734,1.0691047114055505,1.1062781140825,0.9467487015688956
Kenya,2022,1.2410260703826401,1.0508857153852023,1.214347751791203,1.0083208767232579
Kenya,2023,1.2784123358345751,1.0785154403422905,1.3551488813101613,0.916733576730322
Kiribati,2020,1.0,1.0,1.0,1.0
Kiribati,2021,0.9769589588398826,0.9965031140958113,0.9185344729234255,1.2278099308321306
Kiribati,2022,0.9194524694679008,1.0420588891579525,0.9549824286556104,1.4081227289908913
Kiribati,2023,0.9283392292231761,1.0781698691587107,1.0393001102979909,1.1885270875966483
Kuwait,2020,1.0,1.0,1.0,1.0
Kuwait,2021,1.1029846086332364,1.0660222448223706,1.9324221981902163,1.1704975255840604
Kuwait,2022,1.2091431332595526,1.0867566784121643,2.7572266641104224,0.8160461219043855
Kuwait,2023,1.253520468061107,1.101114471160614,2.7572266641104224,0.9169241413360532
Kyrgyzstan,2020,1.0,1.0,1.0,1.0
Kyrgyzstan,2021,0.9907232079404055,1.0214997433277186,1.080975789689599,1.245417331838853
Kyrgyzstan,2022,0.9377620369342043,1.0186621439792658,0.9862526180210561,1.2878904623972178
Kyrgyzstan,2023,1.0197105756752365,1.045455897973428,1.0007831629191115,2.9586008995509294
Laos,2020,1.0,1.0,1.0,1.0
Laos,2021,0.9769589588398826,0.9965031140958113,0.9185344729234255,1.2278099308321306
Laos,2022,0.9194524694679008,1.0420588891579525,0.9549824286556104,1.4081227289908913
Laos,2023,0.9283392292231761,1.0781698691587107,1.0393001102979909,1.1885270875966483
Latvia,2020,1.0,1.0,1.0,1.0
Latvia,2021,1.0798205600901827,1.0432489150730193,0.7825242638341803,1.0432919632657147
Latvia,2022,0.7551569351930303,0.9416714939484879,0.5747572825409915,0.886235017627225
Latvia,2023,0.71479819036602,0.9846902034172323,0.3140083059503033,0.9039023477578535
Lebanon,2020,1.0,1.0,1.0,1.0
Lebanon,2021,1.0166321577813981,1.041099812277388,1.3695874174343707,1.0739271777183796
Lebanon,2022,0.9814552061682805,1.031176443217245,1.8429254370054975,0.8320404879576767
Lebanon,2023,1.0214299492561205,1.0585202438238435,3.2534982920085307,0.5354873819124231
Liberia,2020,1.0,1.0,1.0,1.0
Liberia,2021,1.3285440763400689,1.1783635103351455,1.3895861084895569,0.9467487015688956
Liberia,2022,1.27253207260425,1.1886721806212635,1.2771130105721467,1.0083208767232579
Liberia,2023,1.2332884491787492,1.1635451526635814,1.205709170103147,0.916733576730322
Libya,2020,1.0,1.0,1.0,1.0
Libya,2021,1.2868046648870426,1.2007284423444593,1.1612418097358659,2.381109887046527
Libya,2022,1.2586347545647336,1.2521359603040403,0.6713402551458987,2.1756249831843917
Libya,2023,1.3760259920785436,1.3014929723450104,0.6713402551458987,2.7082423629369043
Lithuania,2020,1.0,1.0,1.0,1.0
Lithuania,2021,0.9439521906887367,0.9979373524959595,1.198192384824218,1.0432919632657147
Lithuania,2022,0.6809544221605112,0.925623834618604,1.1872175219839751,0.886235017627225
Lithuania,2023,0.6632211875049154,0.9434877962904958,0.7274535638560256,0.9039023477578535
Luxembourg,2020,1.0,1.0,1.0,1.0
Luxembourg,2021,1.07812005002323,1.0659691817366341,1.0256230357274732,1.0432919632657147
Luxembourg,2022,0.8466560570672707,0.9561634804593414,1.0684147473084165,0.886235017627225
Luxembourg,2023,0.7936724366388651,0.9261244667130438,0.8711804661720364,0.9039023477578535
Madagascar,2020,1.0,1.0,1.0,1.0
Madagascar,2021,1.160510660861734,1.0691047114055505,1.1062781140825,0.9467487015688956
Madagascar,2022,1.2410260703826401,1.0508857153852023,1.214347751791203,1.0083208767232579
Madagascar,2023,1.2784123358345751,1.0785154403422905,1.3551488813101613,0.916733576730322
Malawi,2020,1.0,1.0,1.0,1.0
Malawi,2021,1.160510660861734,1.0691047114055505,1.1062781140825,0.9467487015688956
Malawi,2022,1.2410260703826401,1.0508857153852023,1.214347751791203,1.0083208767232579
Malawi,2023,1.2784123358345751,1.0785154403422905,1.3551488813101613,0.916733576730322
Malaysia,2020,1.0,1.0,1.0,1.0
Malaysia,2021,1.1774227016635557,1.0419752157571083,0.9245199697106095,0.7999975463619845
Malaysia,2022,1.1910327210358302,1.1127105143300566,0.9130708168526344,0.6522239807108455
Malaysia,2023,1.0563549070544613,1.1160797621283163,0.9474182754265595,0.636296448820478
Maldives,2020,1.0,1.0,1.0,1.0
Maldives,2021,0.9769589588398826,0.9965031140958113,0.9185344729234255,1.2278099308321306
Maldives,2022,0.9194524694679008,1.0420588891579525,0.9549824286556104,1.4081227289908913
Maldives,2023,0.9283392292231761,1.0781698691587107,1.0393001102979909,1.1885270875966483
Mali,2020,1.0,1.0,1.0,1.0
Mali,2021,1.3285440763400689,1.1783635103351455,1.3895861084895569,0.9467487015688956
Mali,2022,1.27253207260425,1.1886721806212635,1.2771130105721467,1.0083208767232579
Mali,2023,1.2332884491787492,1.1635451526635814,1.205709170103147,0.916733576730322
Malta,2020,1.0,1.0,1.0,1.0
Malta,2021,1.0815735525904462,1.062244462295858,0.9481513818832078,1.0432919632657147
Malta,2022,1.0690876035222792,1.0360738029889207,0.9264158853662867,0.886235017627225
Malta,2023,1.1059428665125903,1.0852891209039202,0.8757533765680681,0.9039023477578535
Martinique,2020,1.0,1.0,1.0,1.0
Martinique,2021,1.1769026495235755,1.016146865608325,0.9293013817649597,1.044081698816486
Martinique,2022,1.1331292738632213,1.010642277629888,0.9651790134470557,1.1216863640868884
Martinique,2023,1.3688584212900166,1.07565989432662,0.9815240109910284,1.279970687935487
Mauritania,2020,1.0,1.0,1.0,1.0
Mauritania,2021,1.3285440763400689,1.1783635103351455,1.3895861084895569,0.9467487015688956
Mauritania,2022,1.27253207260425,1.1886721806212635,1.2771130105721467,1.0083208767232579
Mauritania,2023,1.2332884491787492,1.1635451526635814,1.205709170103147,0.916733576730322
Mauritius,2020,1.0,1.0,1.0,1.0
Mauritius,2021,1.160510660861734,1.0691047114055505,1.1062781140825,0.9467487015688956
Mauritius,2022,1.2410260703826401,1.0508857153852023,1.214347751791203,1.0083208767232579
Mauritius,2023,1.2784123358345751,1.0785154403422905,1.3551488813101613,0.916733576730322
Mexico,2020,1.0,1.0,1.0,1.0
Mexico,2021,0.993430306185812,1.0656133161641699,0.829077917848006,1.1707314774944622
Mexico,2022,0.9859310078046435,1.1132104817294934,1.0202424872793845,1.0175379012165688
Mexico,2023,1.0577583965771482,1.1499209641334476,1.1027338180373025,1.067256376159868
Mongolia,2020,1.0,1.0,1.0,1.0
Mongolia,2021,0.9769589588398826,0.9965031140958113,0.9185344729234255,1.2278099308321306
Mongolia,2022,0.9194524694679008,1.0420588891579525,0.9549824286556104,1.4081227289908913
Mongolia,2023,0.9283392292231761,1.0781698691587107,1.0393001102979909,1.1885270875966483
Morocco,2020,1.0,1.0,1.0,1.0
Morocco,2021,1.004119157218381,1.1093476806140983,1.0769231327630646,0.9467487015688956
Morocco,2022,0.283089750705748,1.1011111472542132,1.0818456988938434,1.0083208767232579
Morocco,2023,1.1288348174414489,1.1185280102684658,1.014771224288697,0.916733576730322
Mozambique,2020,1.0,1.0,1.0,1.0
Mozambique,2021,1.160510660861734,1.0691047114055505,1.1062781140825,0.9467487015688956
Mozambique,2022,1.2410260703826401,1.0508857153852023,1.214347751791203,1.0083208767232579
Mozambique,2023,1.2784123358345751,1.0785154403422905,1.3551488813101613,0.916733576730322
Myanmar,2020,1.0,1.0,1.0,1.0
Myanmar,2021,0.9769589588398826,0.9965031140958113,0.9185344729234255,0.7952053557161626
Myanmar,2022,0.9194524694679008,1.0420588891579525,0.9549824286556104,0.49818937601308233
Myanmar,2023,0.9283392292231761,1.0781698691587107,1.0393001102979909,0.4404984408874315
Namibia,2020,,1.0,1.0,1.0
Namibia,2021,,1.0761579287177274,1.3060855515280374,0.9467487015688956
Namibia,2022,,1.1582729079990508,1.4838515827417382,1.0083208767232579
Namibia,2023,,1.2146498623256465,1.501797330649657,0.916733576730322
Nauru,2020,1.0,1.0,1.0,1.0
Nauru,2021,0.9769589588398826,0.9965031140958113,0.9185344729234255,1.2278099308321306
Nauru,2022,0.9194524694679008,1.0420588891579525,0.9549824286556104,1.4081227289908913
Nauru,2023,0.9283392292231761,1.0781698691587107,1.0393001102979909,1.1885270875966483
Nepal,2020,1.0,1.0,1.0,1.0
Nepal,2021,0.9769589588398826,0.9965031140958113,0.9185344729234255,1.2278099308321306
Nepal,2022,0.9194524694679008,1.0420588891579525,0.9549824286556104,1.4081227289908913
Nepal,2023,0.9283392292231761,1.0781698691587107,1.0393001102979909,1.1885270875966483
Netherlands,2020,1.0,1.0,1.0,1.0
Netherlands,2021,0.9652916925875471,1.0247127388021222,1.362790675512065,1.103047525625878
Netherlands,2022,0.7628905712092037,0.9646976634619687,1.3465115906339273,1.3718951966637236
Netherlands,2023,0.7140218714280905,0.9640233003778635,0.9207504293830097,1.2803562426451223
New Caledonia,2020,1.0,1.0,1.0,1.0
New Caledonia,2021,0.9769589588398826,0.9965031140958113,0.9185344729234255,1.2278099308321306
New Caledonia,2022,0.9194524694679008,1.0420588891579525,0.9549824286556104,1.4081227289908913
New Caledonia,2023,0.9283392292231761,1.0781698691587107,1.0393001102979909,1.1885270875966483
New Zealand,2020,1.0,1.0,1.0,1.0
New Zealand,2021,0.8472790269024109,0.9845034981013855,1.1667934125080088,1.2278099308321306
New Zealand,2022,0.792026406172689,0.9705509718329446,0.8087761131780175,1.4081227289908913
New Zealand,2023,0.8322283992000082,0.9994888599343227,0.7226919398443357,1.1885270875966483
Nicaragua,2020,1.0,1.0,1.0,1.0
Nicaragua,2021,0.791899070780499,1.123604401036169,1.1225160684179967,1.044081698816486
Nicaragua,2022,1.7839792501549585,1.160877079449983,0.7771699525273384,1.1216863640868884
Nicaragua,2023,3.2748286735989303,1.1884451095324138,0.8943312686793049,1.279970687935487
Niger,2020,1.0,1.0,1.0,1.0
Niger,2021,1.3285440763400689,1.1783635103351455,1.3895861084895569,0.9467487015688956
Niger,2022,1.27253207260425,1.1886721806212635,1.2771130105721467,1.0083208767232579
Niger,2023,1.2332884491787492,1.1635451526635814,1.205709170103147,0.916733576730322
Nigeria,2020,1.0,1.0,1.0,1.0
Nigeria,2021,1.3285440763400689,1.1783635103351455,1.3895861084895569,0.9223667728887971
Nigeria,2022,1.27253207260425,1.1886721806212635,1.2771130105721467,0.7516525223114915
Nigeria,2023,1.2332884491787492,1.1635451526635814,1.205709170103147,0.8147303043989116
Norway,2020,1.0,1.0,1.0,1.0
Norway,2021,0.9555260515151698,1.019973517253899,1.0906251513020624,1.2202668570799076
Norway,2022,0.881700715330984,0.9558024018025444,1.043328414815498,1.0216445904774014
Norway,2023,0.8517321902660522,0.9923518171929812,1.071253069270407,0.922391048027368
Oman,2020,1.0,1.0,1.0,1.0
Oman,2021,1.0798563355417865,1.091257840448686,0.8716314838940599,1.0285691577841565
Oman,2022,1.100977448835285,1.1564929043242602,1.2549788737315417,0.8339860799174855
Oman,2023,1.1386448397274214,1.193079881627549,1.2549788737315417,0.7376148775601852
Pakistan,2020,1.0,1.0,1.0,1.0
Pakistan,2021,1.0906774415983989,1.109059161526088,1.104614665362266,0.9292683648492848
Pakistan,2022,0.9281458110599824,1.0219896592425082,0.9823840307532004,0.9937062415388906
Pakistan,2023,0.9194513299810239,0.9585400844197569,0.943153895634032,0.9535511305351868
Panama,2020,1.0,1.0,1.0,1.0
Panama,2021,0.791899070780499,1.123604401036169,1.1225160684179967,1.044081698816486
Panama,2022,1.7839792501549585,1.160877079449983,0.7771699525273384,1.1216863640868884
Panama,2023,3.2748286735989303,1.1884451095324138,0.8943312686793049,1.279970687935487
Papua New Guinea,2020,1.0,1.0,1.0,1.0
Papua New Guinea,2021,0.9769589588398826,0.9965031140958113,0.9185344729234255,1.2278099308321306
Papua New Guinea,2022,0.9194524694679008,1.0420588891579525,0.9549824286556104,1.4081227289908913
Papua New Guinea,2023,0.9283392292231761,1.0781698691587107,1.0393001102979909,1.1885270875966483
Paraguay,2020,1.0,1.0,1.0,1.0
Paraguay,2021,1.1044811469885643,1.0369553780882421,1.3102313176996234,1.044081698816486
Paraguay,2022,1.1846719729715742,1.0776179787503342,0.9755831291345701,1.1216863640868884
Paraguay,2023,1.3158735371278338,1.1528321977713663,1.0870185833111419,1.279970687935487
Peru,2020,1.0,1.0,1.0,1.0
Peru,2021,1.0944382144805167,1.137372564715255,1.3109809699947774,0.9026670668780585
Peru,2022,1.202676550574523,1.1740408951883032,1.4169995160321633,0.9666267527480462
Peru,2023,1.235970193853037,1.1943980453739627,1.3687284891700775,0.9896992076342209
Philippines,2020,1.0,1.0,1.0,1.0
Philippines,2021,0.8543518962134327,1.0618143282400676,1.0779223455665534,1.2278099308321306
Philippines,2022,0.8015903423274683,1.1114183480417648,1.087148275078404,1.4081227289908913
Philippines,2023,0.8336881741185027,1.1858102794549938,1.2002284474151876,1.1885270875966483
Poland,2020,1.0,1.0,1.0,1.0
Poland,2021,1.0621527925699359,1.0750715281412164,1.1060640710724434,1.388890724009049
Poland,2022,0.883218988095341,1.0418122877151095,1.0360036396719257,0.5670780466809338
Poland,2023,0.9296511510006381,1.0036993663632758,0.8743974025600078,0.9632213856660522
Portugal,2020,1.0,1.0,1.0,1.0
Portugal,2021,0.9626155395050261,1.0046835355825467,0.34571982768111886,1.0432919632657147
Portugal,2022,0.9258232315083823,0.9903011284946319,0.012373740116750917,0.886235017627225
Portugal,2023,0.7422136506235806,0.9932531993738694,0.008838385358832522,0.9039023477578535
Qatar,2020,1.0,1.0,1.0,1.0
Qatar,2021,1.0441742221480486,1.059257177075883,0.38190828992631964,1.0551507833826963
Qatar,2022,1.049989965870166,1.107776402377579,1.5354278530952923,0.9989293246281216
Qatar,2023,1.1506794416196395,1.2046228862990007,1.7520564171702628,1.0086153638939592
Republic Of Cameroon,2020,1.0,1.0,1.0,1.0
Republic Of Cameroon,2021,1.1142531552241361,1.1098498907164005,1.23069978744425,0.9467487015688956
Republic Of Cameroon,2022,1.0457543879658169,1.179680528055209,1.4638096627238422,1.0083208767232579
Republic Of Cameroon,2023,0.9063645255315121,1.1942392240087105,1.9603847613764878,0.916733576730322
Republic Of Korea,2020,1.0,1.0,1.0,1.0
Republic Of Korea,2021,1.0846421833359559,1.0476680433026422,1.0040244424140317,1.2278099308321306
Republic Of Korea,2022,1.0841464331250001,1.0583749989266358,0.9481160345423819,1.4081227289908913
Republic Of Korea,2023,1.0441000142382868,1.0319483061998171,0.8907222862780576,1.1885270875966483
Republic Of Moldova,2020,1.0,1.0,1.0,1.0
Republic Of Moldova,2021,0.9907232079404055,1.0214997433277186,1.080975789689599,1.245417331838853
Republic Of Moldova,2022,0.9377620369342043,1.0186621439792658,0.9862526180210561,1.2878904623972178
Republic Of Moldova,2023,1.0197105756752365,1.045455897973428,1.0007831629191115,2.9586008995509294
Reunion,2020,1.0,1.0,1.0,1.0
Reunion,2021,1.160510660861734,1.0691047114055505,1.1062781140825,0.9467487015688956
Reunion,2022,1.2410260703826401,1.0508857153852023,1.214347751791203,1.0083208767232579
Reunion,2023,1.2784123358345751,1.0785154403422905,1.3551488813101613,0.916733576730322
Romania,2020,1.0,1.0,1.0,1.0
Romania,2021,1.0272055820676196,1.0555213135883577,1.129564931579042,1.620635385459524
Romania,2022,0.8622683412242291,0.9746695247029409,1.0075447535697644,2.027452164234947
Romania,2023,0.8067435184937449,0.9593320275023407,0.7603720271475408,1.911750537275132
Russia,2020,1.0,1.0,1.0,1.0
Russia,2021,1.019035199818741,1.0317350623390114,1.0409617141570604,1.0533685677411155
Russia,2022,1.0588490665216728,1.0684758259070608,1.1671985231456812,1.038381782658696
Russia,2023,1.0705754792501396,1.0758789202842245,1.1648765950985753,1.1732216854343818
Rwanda,2020,1.0,1.0,1.0,1.0
Rwanda,2021,1.160510660861734,1.0691047114055505,1.1062781140825,0.9467487015688956
Rwanda,2022,1.2410260703826401,1.0508857153852023,1.214347751791203,1.0083208767232579
Rwanda,2023,1.2784123358345751,1.0785154403422905,1.3551488813101613,0.916733576730322
Saint Lucia,2020,1.0,1.0,1.0,1.0
Saint Lucia,2021,1.1769026495235755,1.016146865608325,0.9293013817649597,1.044081698816486
Saint Lucia,2022,1.1331292738632213,1.010642277629888,0.9651790134470557,1.1216863640868884
Saint Lucia,2023,1.3688584212900166,1.07565989432662,0.9815240109910284,1.279970687935487
Samoa,2020,1.0,1.0,1.0,1.0
Samoa,2021,0.9769589588398826,0.9965031140958113,0.9185344729234255,1.2278099308321306
Samoa,2022,0.9194524694679008,1.0420588891579525,0.9549824286556104,1.4081227289908913
Samoa,2023,0.9283392292231761,1.0781698691587107,1.0393001102979909,1.1885270875966483
Sao Tome & Principe,2020,1.0,1.0,1.0,1.0
Sao Tome & Principe,2021,1.1142531552241361,1.1098498907164005,1.23069978744425,0.9467487015688956
Sao Tome & Principe,2022,1.0457543879658169,1.179680528055209,1.4638096627238422,1.0083208767232579
Sao Tome & Principe,2023,0.9063645255315121,1.1942392240087105,1.9603847613764878,0.916733576730322
Saudi Arabia,2020,1.0,1.0,1.0,1.0
Saudi Arabia,2021,1.0124783992105906,1.0330879428978519,1.2438284996912128,0.9809327523752182
Saudi Arabia,2022,1.0327279859411653,1.0915842937618787,1.216552056609036,0.8944201730287608
Saudi Arabia,2023,1.00951354477434,1.116171806457966,1.216552056609036,1.1796267958392737
Senegal,2020,1.0,1.0,1.0,1.0
Senegal,2021,1.3285440763400689,1.1783635103351455,1.3895861084895569,0.9467487015688956
Senegal,2022,1.27253207260425,1.1886721806212635,1.2771130105721467,1.0083208767232579
Senegal,2023,1.2332884491787492,1.1635451526635814,1.205709170103147,0.916733576730322
Seychelles,2020,1.0,1.0,1.0,1.0
Seychelles,2021,1.160510660861734,1.0691047114055505,1.1062781140825,0.9467487015688956
Seychelles,2022,1.2410260703826401,1.0508857153852023,1.214347751791203,1.0083208767232579
Seychelles,2023,1.2784123358345751,1.0785154403422905,1.3551488813101613,0.916733576730322
Sierra Leone,2020,1.0,1.0,1.0,1.0
Sierra Leone,2021,1.3285440763400689,1.1783635103351455,1.3895861084895569,0.9467487015688956
Sierra Leone,2022,1.27253207260425,1.1886721806212635,1.2771130105721467,1.0083208767232579
Sierra Leone,2023,1.2332884491787492,1.1635451526635814,1.205709170103147,0.916733576730322
Singapore,2020,1.0,1.0,1.0,1.0
Singapore,2021,1.0598091378083374,1.0002150662277791,1.071576996099782,1.2278099308321306
Singapore,2022,1.0365922365886882,0.9685105746046032,0.9575155748319714,1.4081227289908913
Singapore,2023,0.9788094735880659,1.0587620763573866,0.7762527173586458,1.1885270875966483
Slovakia,2020,1.0,1.0,1.0,1.0
Slovakia,2021,1.1132027640020887,1.0778342636035358,1.2139851956922252,1.0432919632657147
Slovakia,2022,0.9274882121443163,0.9931951363264498,1.0367129286560322,0.886235017627225
Slovakia,2023,0.8829387275262035,1.030407915001966,0.9899940247469813,0.9039023477578535
Solomon Islands,2020,1.0,1.0,1.0,1.0
Solomon Islands,2021,0.9769589588398826,0.9965031140958113,0.9185344729234255,1.2278099308321306
Solomon Islands,2022,0.9194524694679008,1.0420588891579525,0.9549824286556104,1.4081227289908913
Solomon Islands,2023,0.9283392292231761,1.0781698691587107,1.0393001102979909,1.1885270875966483
Somalia,2020,1.0,1.0,1.0,1.0
Somalia,2021,1.160510660861734,1.0691047114055505,1.1062781140825,0.9467487015688956
Somalia,2022,1.2410260703826401,1.0508857153852023,1.214347751791203,1.0083208767232579
Somalia,2023,1.2784123358345751,1.0785154403422905,1.3551488813101613,0.916733576730322
South Africa,2020,1.0,1.0,1.0,1.0
South Africa,2021,1.0626339721602698,1.009473988063954,0.9740548116202676,0.9467487015688956
South Africa,2022,1.075461106087499,0.9715478427849208,0.9177193008132208,1.0083208767232579
South Africa,2023,1.1956969825732204,0.9678273080434525,0.9032017372818408,0.916733576730322
Spain,2020,1.0,1.0,1.0,1.0
Spain,2021,1.0564498317879198,1.0754129214051922,1.0391207778473344,1.0432919632657147
Spain,2022,1.0148945327736083,1.1181134855323152,1.2629166193443342,0.886235017627225
Spain,2023,0.901757398115988,1.1053460372097883,0.9577045782799252,0.9039023477578535
Sri Lanka,2020,,1.0,1.0,1.0
Sri Lanka,2021,,1.034311995310703,0.9991701849963276,1.2278099308321306
Sri Lanka,2022,,0.9205298974115576,0.9367107536711282,1.4081227289908913
Sri Lanka,2023,,0.9368726422257736,0.8411205990055325,1.1885270875966483
St. Kitts-Nevis,2020,1.0,1.0,1.0,1.0
St. Kitts-Nevis,2021,1.1769026495235755,1.016146865608325,0.9293013817649597,1.044081698816486
St. Kitts-Nevis,2022,1.1331292738632213,1.010642277629888,0.9651790134470557,1.1216863640868884
St. Kitts-Nevis,2023,1.3688584212900166,1.07565989432662,0.9815240109910284,1.279970687935487
St. Vincent & The Grenadines,2020,1.0,1.0,1.0,1.0
St. Vincent & The Grenadines,2021,1.1769026495235755,1.016146865608325,0.9293013817649597,1.044081698816486
St. Vincent & The Grenadines,2022,1.1331292738632213,1.010642277629888,0.9651790134470557,1.1216863640868884
St. Vincent & The Grenadines,2023,1.3688584212900166,1.07565989432662,0.9815240109910284,1.279970687935487
Sudan,2020,1.0,1.0,1.0,1.0
Sudan,2021,1.160510660861734,1.0691047114055505,1.1062781140825,0.9467487015688956
Sudan,2022,1.2410260703826401,1.0508857153852023,1.214347751791203,1.0083208767232579
Sudan,2023,1.2784123358345751,1.0785154403422905,1.3551488813101613,0.916733576730322
Suriname,2020,1.0,1.0,1.0,1.0
Suriname,2021,1.1044811469885643,1.0369553780882421,1.3102313176996234,1.044081698816486
Suriname,2022,1.1846719729715742,1.0776179787503342,0.9755831291345701,1.1216863640868884
Suriname,2023,1.3158735371278338,1.1528321977713663,1.0870185833111419,1.279970687935487
Swaziland,2020,,1.0,1.0,1.0
Swaziland,2021,,1.0761579287177274,1.3060855515280374,0.9467487015688956
Swaziland,2022,,1.1582729079990508,1.4838515827417382,1.0083208767232579
Swaziland,2023,,1.2146498623256465,1.501797330649657,0.916733576730322
Sweden,2020,1.0,1.0,1.0,1.0
Sweden,2021,1.0725584297960553,1.055641075910754,1.0168208700216113,1.0432919632657147
Sweden,2022,0.8070994098880125,1.0356740112050626,0.9911512238136461,0.886235017627225
Sweden,2023,0.722758163943342,0.9953737921712139,0.9733216798185699,0.9039023477578535
Switzerland,2020,1.0,1.0,1.0,1.0
Switzerland,2021,1.0873208946366244,0.9659462807663928,1.0109289815631206,1.0432919632657147
Switzerland,2022,0.8943266883326452,0.9401102739484747,1.051912582906159,0.886235017627225
Switzerland,2023,0.8278590534671737,1.0196159245137797,1.051912582906159,0.9039023477578535
Syria,2020,1.0,1.0,1.0,1.0
Syria,2021,1.0166321577813981,1.041099812277388,1.3695874174343707,1.0592058881559634
Syria,2022,0.9814552061682805,1.031176443217245,1.8429254370054975,1.0819080608508092
Syria,2023,1.0214299492561205,1.0585202438238435,3.2534982920085307,1.1050885665100447
Taiwan,2020,1.0,1.0,1.0,1.0
Taiwan,2021,1.096686689451314,1.0628838701417977,1.0735278997985478,1.2278099308321306
Taiwan,2022,1.1278665305008193,1.0210148761400055,1.0125421263292602,1.4081227289908913
Taiwan,2023,1.1230679019709693,0.9739041114276205,0.9539941137440086,1.1885270875966483
Tajikistan,2020,1.0,1.0,1.0,1.0
Tajikistan,2021,0.9907232079404055,1.0214997433277186,1.080975789689599,1.245417331838853
Tajikistan,2022,0.9377620369342043,1.0186621439792658,0.9862526180210561,1.2878904623972178
Tajikistan,2023,1.0197105756752365,1.045455897973428,1.0007831629191115,2.9586008995509294
Thailand,2020,1.0,1.0,1.0,1.0
Thailand,2021,1.0034322304982053,1.008033074683712,1.0239929316517473,1.0170770421427224
Thailand,2022,0.9458975081680061,1.0088204959298066,0.9316426176828405,0.6407827332871584
Thailand,2023,1.006856898682235,1.010942179928323,0.7919944385838926,0.6575248923299619
Togo,2020,1.0,1.0,1.0,1.0
Togo,2021,1.3285440763400689,1.1783635103351455,1.3895861084895569,0.9467487015688956
Togo,2022,1.27253207260425,1.1886721806212635,1.2771130105721467,1.0083208767232579
Togo,2023,1.2332884491787492,1.1635451526635814,1.205709170103147,0.916733576730322
Tonga,2020,1.0,1.0,1.0,1.0
Tonga,2021,0.9769589588398826,0.9965031140958113,0.9185344729234255,1.2278099308321306
Tonga,2022,0.9194524694679008,1.0420588891579525,0.9549824286556104,1.4081227289908913
Tonga,2023,0.9283392292231761,1.0781698691587107,1.0393001102979909,1.1885270875966483
Trinidad And Tobago,2020,1.0,1.0,,1.0
Trinidad And Tobago,2021,1.0276560038657523,1.0223275292762692,,1.044081698816486
Trinidad And Tobago,2022,1.0187282267954554,1.0219270066570256,,1.1216863640868884
Trinidad And Tobago,2023,0.9551093653781407,0.9675593539893839,,1.279970687935487
Tunisia,2020,1.0,1.0,1.0,1.0
Tunisia,2021,1.2868046648870426,1.2007284423444593,1.1612418097358659,0.9467487015688956
Tunisia,2022,1.2586347545647336,1.2521359603040403,0.6713402551458987,1.0083208767232579
Tunisia,2023,1.3760259920785436,1.3014929723450104,0.6713402551458987,0.916733576730322
Turkey,2020,1.0,1.0,1.0,1.0
Turkey,2021,1.2402182025342308,1.071015716943765,1.0210750803417512,1.0432919632657147
Turkey,2022,1.1089906968328387,1.0825248357039394,1.0345807244711338,0.886235017627225
Turkey,2023,1.0480295666225365,1.0678034357599129,0.9697934083276136,0.9039023477578535
Turkmenistan,2020,1.0,1.0,,1.0
Turkmenistan,2021,1.0731317111123206,1.0075047662057952,,0.7106934224568308
Turkmenistan,2022,1.0958507776051947,1.0295855977258759,,0.6482970987083831
Turkmenistan,2023,1.0729253138808856,1.0117193674532103,,0.7206004507574095
Uganda,2020,1.0,1.0,1.0,1.0
Uganda,2021,1.160510660861734,1.0691047114055505,1.1062781140825,0.9467487015688956
Uganda,2022,1.2410260703826401,1.0508857153852023,1.214347751791203,1.0083208767232579
Uganda,2023,1.2784123358345751,1.0785154403422905,1.3551488813101613,0.916733576730322
Ukraine,2020,1.0,1.0,1.0,1.0
Ukraine,2021,0.9290323039394005,1.0177094738379824,0.9968799971934867,1.3217514348777883
Ukraine,2022,0.6225806582684001,0.7034279374358587,0.5693022779927424,0.9264204429394715
Ukraine,2023,0.6387097160125115,0.6713900479732082,0.5094141883328682,1.1265226916526263
United Arab Emirates,2020,1.0,1.0,1.0,1.0
United Arab Emirates,2021,0.965727972816506,1.034564693317905,1.2190130002605373,0.9223147731443004
United Arab Emirates,2022,0.9746825412702448,1.1253601434177511,1.1276158525167956,1.043634275259587
United Arab Emirates,2023,0.9855883373286577,1.1836512065216032,1.1483562637976437,0.9879154764810617
United Kingdom,2020,1.0,1.0,1.0,1.0
United Kingdom,2021,1.0516957451724755,1.0100296081940994,1.0231965943343773,0.8078563866228587
United Kingdom,2022,0.9692614045037822,1.024176940120267,0.9299377938882453,0.553373326533871
United Kingdom,2023,0.8681821787040598,0.9794057909970165,0.8128253842179037,0.6200329144368862
United Republic Of Tanzania,2020,1.0,1.0,1.0,1.0
United Republic Of Tanzania,2021,1.160510660861734,1.0691047114055505,1.1062781140825,0.9467487015688956
United Republic Of Tanzania,2022,1.2410260703826401,1.0508857153852023,1.214347751791203,1.0083208767232579
United Republic Of Tanzania,2023,1.2784123358345751,1.0785154403422905,1.3551488813101613,0.916733576730322
United States Of America,2020,1.0,1.0,1.0,1.0
United States Of America,2021,1.0022470102555316,1.0541850501829044,1.1489381260452871,0.7830416254156153
United States Of America,2022,1.053965639166619,1.0764197558193644,1.0769874421484253,0.7102096175686818
United States Of America,2023,1.062210263505345,1.0636223952190973,0.8907301926302758,0.8419537465919635
Uruguay,2020,1.0,1.0,1.0,1.0
Uruguay,2021,1.1044811469885643,1.0369553780882421,1.3102313176996234,1.044081698816486
Uruguay,2022,1.1846719729715742,1.0776179787503342,0.9755831291345701,1.1216863640868884
Uruguay,2023,1.3158735371278338,1.1528321977713663,1.0870185833111419,1.279970687935487
Uzbekistan,2020,1.0,1.0,1.0,1.0
Uzbekistan,2021,1.0675036195459127,1.0477771014956894,0.9006245345310192,0.8527329437987795
Uzbekistan,2022,1.1089171813857481,1.0904409599559288,1.0355341899491124,0.797919400835417
Uzbekistan,2023,1.0689364704352087,1.082494580333048,1.3252889509389827,0.7195674624279543
Vanuatu,2020,1.0,1.0,1.0,1.0
Vanuatu,2021,0.9769589588398826,0.9965031140958113,0.9185344729234255,1.2278099308321306
Vanuatu,2022,0.9194524694679008,1.0420588891579525,0.9549824286556104,1.4081227289908913
Vanuatu,2023,0.9283392292231761,1.0781698691587107,1.0393001102979909,1.1885270875966483
Venezuela,2020,1.0,1.0,1.0,1.0
Venezuela,2021,1.301377212801789,1.144405334363012,0.9000000634016507,0.9800280558011848
Venezuela,2022,1.34759182615329,1.2319144920893796,3.0602163517929353,1.0448669995788125
Venezuela,2023,1.3767102854061148,1.332118967099967,3.0602163517929353,1.0109710108240597
Vietnam,2020,1.0,1.0,1.0,1.0
Vietnam,2021,0.8144104529484891,1.003454340825164,0.9499651506937874,0.8450906530510743
Vietnam,2022,0.8820960216107719,1.0329410549507951,0.8661298414440745,0.8600476713735946
Vietnam,2023,0.8165938946422421,1.1281462995085374,1.0584210576050288,0.9827467934713305
Yemen,2020,1.0,1.0,1.0,
Yemen,2021,1.0166321577813981,1.041099812277388,1.3695874174343707,
Yemen,2022,0.9814552061682805,1.031176443217245,1.8429254370054975,
Yemen,2023,1.0214299492561205,1.0585202438238435,3.2534982920085307,
Yugoslavia,2020,1.0,1.0,1.0,1.0
Yugoslavia,2021,1.0815735525904462,1.062244462295858,0.9481513818832078,1.0432919632657147
Yugoslavia,2022,1.0690876035222792,1.0360738029889207,0.9264158853662867,0.886235017627225
Yugoslavia,2023,1.1059428665125903,1.0852891209039202,0.8757533765680681,0.9039023477578535
Zambia,2020,1.0,1.0,1.0,1.0
Zambia,2021,1.160510660861734,1.0691047114055505,1.1062781140825,0.9467487015688956
Zambia,2022,1.2410260703826401,1.0508857153852023,1.214347751791203,1.0083208767232579
Zambia,2023,1.2784123358345751,1.0785154403422905,1.3551488813101613,0.916733576730322
Zimbabwe,2020,1.0,1.0,1.0,1.0
Zimbabwe,2021,1.160510660861734,1.0691047114055505,1.1062781140825,0.9467487015688956
Zimbabwe,2022,1.2410260703826401,1.0508857153852023,1.214347751791203,1.0083208767232579
Zimbabwe,2023,1.2784123358345751,1.0785154403422905,1.3551488813101613,0.916733576730322
